Date;Price;Open;High;Low;Vol.;Change %;;Price
May 15, 2022,;29,439.0;30,104.0;31,416.0;28,634.0;26.48K;-2.21%;;4,158.24
May 08, 2022,;30,104.0;35,506.0;35,540.0;26,600.0;121.71K;-15.22%;;3,901.36
May 01, 2022,;35,508.0;37,662.0;39,996.0;34,879.0;40.12K;-5.72%;;4,023.89
Apr 24, 2022,;37,662.0;39,444.0;40,800.3;37,633.0;28.15K;-4.52%;;4,123.34
Apr 17, 2022,;39,446.7;40,408.7;42,977.0;38,557.0;25.52K;-2.38%;;4,131.93
Apr 10, 2022,;40,408.7;42,780.0;43,460.0;39,274.0;25.90K;-5.54%;;4,271.78
Apr 03, 2022,;42,780.0;45,825.0;47,414.0;42,137.0;26.00K;-6.64%;;4,392.59
Mar 27, 2022,;45,825.0;44,536.4;48,159.0;44,245.9;32.16K;2.89%;;4,488.28
Mar 20, 2022,;44,536.4;42,213.0;45,082.0;40,544.0;24.44K;5.50%;;4,545.86
Mar 13, 2022,;42,214.0;38,816.3;42,373.0;37,570.0;34.86K;8.75%;;4,543.04
Mar 06, 2022,;38,816.3;39,408.0;42,593.0;37,198.0;46.61K;-1.50%;;4,463.09
Feb 27, 2022,;39,408.0;39,137.1;45,326.0;37,067.1;42.08K;0.72%;;4,204.31
Feb 20, 2022,;39,125.0;40,128.0;40,274.0;34,435.0;54.80K;-2.53%;;4,328.87
Feb 13, 2022,;40,141.0;42,239.1;44,762.0;39,571.0;30.00K;-4.97%;;4,384.62
Feb 06, 2022,;42,239.1;41,454.0;45,851.0;41,171.0;37.26K;1.89%;;4,348.87
Jan 30, 2022,;41,454.0;38,179.9;41,928.0;36,282.0;37.27K;8.53%;;4,418.64
Jan 23, 2022,;38,197.0;35,103.0;38,901.0;32,981.0;67.33K;8.81%;;4,500.54
Jan 16, 2022,;35,103.0;43,069.0;43,540.6;34,079.0;52.38K;-18.50%;;4,431.85
Jan 09, 2022,;43,069.0;41,679.0;44,426.7;39,677.0;34.03K;3.34%;;4,397.93
Jan 02, 2022,;41,679.0;47,755.0;47,980.0;40,570.0;33.42K;-12.72%;;4,662.85
Dec 26, 2021,;47,755.0;50,435.2;52,027.0;45,697.0;27.50K;-5.32%;;4,677.02
Dec 19, 2021,;50,437.0;46,879.0;51,834.0;45,606.0;28.07K;7.59%;;4,766.18
Dec 12, 2021,;46,879.0;49,363.1;50,800.0;45,539.0;40.26K;-5.03%;;4,725.78
Dec 05, 2021,;49,363.1;49,272.0;51,969.0;46,897.0;42.70K;0.18%;;4,620.64
Nov 28, 2021,;49,272.0;54,836.0;59,174.0;42,101.0;47.88K;-10.15%;;4,712.02
Nov 21, 2021,;54,836.0;59,739.0;60,047.0;53,565.0;53.23K;-8.21%;;4,538.43
Nov 14, 2021,;59,739.0;64,406.0;66,320.0;55,670.0;48.89K;-7.25%;;4,594.62
Nov 07, 2021,;64,406.0;61,495.0;68,925.0;61,400.0;43.75K;4.73%;;4,697.96
Oct 31, 2021,;61,496.0;61,838.8;64,263.4;59,595.6;24.52K;-0.55%;;4,682.85
Oct 24, 2021,;61,838.8;61,302.0;63,666.0;57,612.0;33.87K;0.88%;;4,697.53
Oct 17, 2021,;61,302.0;60,867.5;66,927.0;59,073.0;58.16K;0.71%;;4,605.38
Oct 10, 2021,;60,867.5;54,978.0;62,897.0;54,000.0;50.84K;10.71%;;4,544.90
Oct 03, 2021,;54,978.0;47,675.0;56,000.0;46,951.0;42.95K;15.32%;;4,471.37
Sep 26, 2021,;47,675.0;42,711.0;48,454.0;40,811.0;42.00K;11.62%;;4,391.36
Sep 19, 2021,;42,711.0;48,309.0;48,370.0;39,678.0;67.08K;-11.59%;;4,357.05
Sep 12, 2021,;48,309.0;45,169.0;48,794.0;43,514.0;28.21K;6.95%;;4,455.48
Sep 05, 2021,;45,169.0;49,899.0;52,888.0;43,347.0;48.85K;-9.48%;;4,432.99
Aug 29, 2021,;49,899.0;48,914.0;51,032.0;46,600.0;37.11K;2.01%;;4,458.58
Aug 22, 2021,;48,914.0;48,868.0;50,506.3;46,364.9;34.61K;0.09%;;4,535.43
Aug 15, 2021,;48,868.0;47,084.0;49,784.0;43,992.0;40.38K;3.79%;;4,509.37
Aug 08, 2021,;47,084.0;44,589.0;48,120.0;42,792.0;48.90K;5.60%;;4,441.67
Aug 01, 2021,;44,589.0;41,409.0;44,689.2;37,361.0;41.40K;7.68%;;4,468.00
Jul 25, 2021,;41,409.0;34,620.0;42,317.0;33,906.0;53.00K;22.35%;;4,436.52
Jul 18, 2021,;33,845.0;31,559.0;34,043.0;29,341.0;55.39K;7.24%;;4,395.26
Jul 11, 2021,;31,559.0;33,506.0;34,624.0;31,055.0;38.85K;-5.81%;;4,411.80
Jul 04, 2021,;33,506.0;35,494.0;35,782.0;32,063.0;51.75K;-3.60%;;4,327.16
Jun 27, 2021,;34,758.0;32,359.0;36,411.0;32,359.0;59.77K;7.41%;;4,369.55
Jun 20, 2021,;32,359.0;35,585.8;35,966.0;29,927.0;156.97K;-9.07%;;4,352.34
Jun 13, 2021,;35,585.8;35,531.0;40,732.0;34,984.0;59.34K;0.15%;;4,280.70
Jun 06, 2021,;35,531.0;35,543.0;37,933.0;31,547.6;78.47K;-0.03%;;4,166.45
May 30, 2021,;35,543.0;34,570.0;39,094.0;33,680.0;38.20K;2.81%;;4,247.44
May 23, 2021,;34,570.0;37,585.0;40,497.8;32,623.0;83.42K;-8.02%;;4,229.89
May 16, 2021,;37,585.0;46,784.9;49,460.0;35,188.0;207.04K;-19.66%;;4,204.11
May 09, 2021,;46,784.9;58,894.0;59,454.3;46,784.9;77.94K;-20.56%;;4,155.86
May 02, 2021,;58,894.0;57,774.0;59,327.0;53,852.0;53.48K;1.94%;;4,173.85
Apr 25, 2021,;57,774.0;50,167.0;58,265.0;48,409.8;56.88K;15.16%;;4,232.60
Apr 18, 2021,;50,167.0;59,970.0;60,223.0;48,719.6;95.86K;-16.35%;;4,181.17
Apr 11, 2021,;59,970.0;59,823.8;64,374.0;59,411.0;61.86K;0.24%;;4,180.17
Apr 04, 2021,;59,823.8;57,023.0;60,984.0;55,976.0;36.76K;4.91%;;4,185.47
Mar 28, 2021,;57,023.0;55,886.0;59,834.0;54,984.0;46.86K;2.03%;;4,128.80
Mar 21, 2021,;55,886.0;58,087.0;58,499.5;50,874.0;65.09K;-3.79%;;4,019.87
Mar 14, 2021,;58,087.0;61,207.0;61,468.0;54,049.0;62.69K;-5.10%;;3,974.54
Mar 07, 2021,;61,207.0;48,895.0;61,207.0;48,895.0;57.87K;25.18%;;3,913.10
Feb 28, 2021,;48,895.0;46,217.0;52,018.0;43,380.0;66.35K;5.79%;;3,943.34
Feb 21, 2021,;46,217.0;55,838.0;58,238.0;45,320.0;130.47K;-17.23%;;3,841.94
Feb 14, 2021,;55,838.0;47,177.0;57,352.0;46,563.0;69.08K;18.36%;;3,811.15
Feb 07, 2021,;47,177.0;39,257.0;48,540.0;38,061.0;89.16K;20.17%;;3,906.71
Jan 31, 2021,;39,257.0;34,334.0;40,780.0;32,270.0;43.45K;14.34%;;3,934.83
Jan 24, 2021,;34,334.0;32,099.0;38,056.0;29,815.0;104.31K;6.96%;;3,886.83
Jan 17, 2021,;32,099.0;36,061.0;37,673.0;28,991.0;92.10K;-10.97%;;3,714.24
Jan 10, 2021,;36,055.0;40,171.0;41,209.3;31,842.0;148.28K;-10.25%;;3,841.47
Jan 03, 2021,;40,171.0;32,183.0;41,616.0;29,178.0;141.29K;24.81%;;3,768.25
Dec 27, 2020,;32,185.0;26,410.0;33,168.0;25,923.0;73.02K;21.86%;;3,824.68
Dec 20, 2020,;26,412.0;23,804.0;26,577.0;22,483.0;76.55K;10.96%;;3,756.07
Dec 13, 2020,;23,804.0;18,818.0;24,058.0;18,747.0;72.01K;26.55%;;3,703.06
Dec 06, 2020,;18,810.6;19,157.0;19,377.0;17,764.0;42.35K;-1.81%;;3,709.41
Nov 29, 2020,;19,157.0;17,746.0;19,733.0;17,579.2;72.09K;7.95%;;3,663.46
Nov 22, 2020,;17,746.0;18,660.0;19,349.0;16,592.0;102.55K;-4.90%;;3,699.12
Nov 15, 2020,;18,660.0;16,057.0;18,944.5;15,871.0;60.78K;16.20%;;3,638.35
Nov 08, 2020,;16,058.3;14,844.1;16,405.0;14,844.1;51.81K;8.18%;;3,557.54
Nov 01, 2020,;14,844.1;13,788.0;15,876.0;13,401.0;63.64K;7.66%;;3,585.15
Oct 25, 2020,;13,788.0;13,127.0;13,958.0;12,863.0;36.27K;5.00%;;3,509.44
Oct 18, 2020,;13,132.0;11,375.0;13,166.0;11,366.0;37.60K;15.45%;;3,269.96
Oct 11, 2020,;11,375.0;11,308.0;11,698.9;11,268.2;25.62K;0.59%;;3,465.39
Oct 04, 2020,;11,308.0;10,558.6;11,450.0;10,557.6;17.05K;7.10%;;3,483.81
Sep 27, 2020,;10,558.6;10,750.0;10,941.0;10,476.0;21.91K;-1.78%;;3,477.13
Sep 20, 2020,;10,750.0;11,099.0;11,099.0;10,255.0;21.22K;-3.14%;;3,348.44
Sep 13, 2020,;11,099.0;10,458.0;11,127.0;10,244.0;24.51K;6.13%;;3,298.46
Sep 06, 2020,;10,458.0;10,196.9;10,463.5;9,964.1;26.77K;2.56%;;3,319.47
Aug 30, 2020,;10,197.0;11,492.0;12,037.0;10,011.0;57.29K;-11.27%;;3,340.97
Aug 23, 2020,;11,492.0;11,685.0;11,817.9;11,200.0;21.36K;-1.65%;;3,426.96
Aug 16, 2020,;11,685.0;11,873.4;12,415.0;11,449.0;41.94K;-1.59%;;3,508.01
Aug 09, 2020,;11,873.4;11,764.0;12,024.0;11,257.0;36.61K;0.93%;;3,397.16
Aug 02, 2020,;11,764.0;11,804.7;11,917.0;11,032.0;40.40K;-0.35%;;3,372.85
Jul 26, 2020,;11,804.7;9,714.9;11,804.7;9,685.8;65.25K;21.51%;;3,351.28
Jul 19, 2020,;9,714.9;9,189.1;9,730.5;9,130.5;21.54K;5.72%;;3,271.12
Jul 12, 2020,;9,189.1;9,246.3;9,344.8;9,092.1;11.98K;-0.62%;;3,215.63
Jul 05, 2020,;9,246.3;9,147.7;9,480.7;9,004.9;18.40K;1.08%;;3,224.73
Jun 28, 2020,;9,147.7;9,015.3;9,298.0;8,949.4;15.71K;1.47%;;3,185.04
Jun 21, 2020,;9,015.3;9,371.3;9,794.2;8,857.3;29.00K;-3.80%;;3,130.01
Jun 14, 2020,;9,371.3;9,480.9;9,589.9;8,914.9;26.25K;-1.15%;;3,009.05
Jun 07, 2020,;9,480.8;9,668.4;10,004.0;9,088.6;40.26K;-1.94%;;3,097.74
May 31, 2020,;9,668.4;9,706.4;10,390.0;9,197.4;53.24K;-0.39%;;3,041.31
May 24, 2020,;9,706.4;9,174.6;9,742.0;8,628.6;36.84K;5.80%;;3,193.93
May 17, 2020,;9,174.6;9,388.0;9,941.1;8,821.4;52.99K;-2.27%;;3,044.31
May 10, 2020,;9,388.0;9,537.7;9,937.8;8,107.4;98.21K;-1.57%;;2,955.45
May 03, 2020,;9,537.9;8,982.3;10,045.0;8,535.0;78.91K;6.19%;;2,863.70
Apr 26, 2020,;8,982.3;7,538.5;9,438.8;7,487.0;93.53K;19.15%;;2,929.80
Apr 19, 2020,;7,538.5;7,268.8;7,744.9;6,767.1;60.13K;3.71%;;2,830.71
Apr 12, 2020,;7,269.1;6,884.5;7,300.1;6,500.4;58.72K;5.59%;;2,836.74
Apr 05, 2020,;6,884.5;6,880.6;7,452.0;6,693.4;79.89K;0.04%;;2,874.56
Mar 29, 2020,;6,881.6;6,252.3;7,263.3;5,880.9;80.52K;10.12%;;2,789.82
Mar 22, 2020,;6,249.3;6,202.7;6,968.0;5,682.7;95.87K;0.77%;;2,488.65
Mar 15, 2020,;6,201.8;5,217.1;6,897.0;4,468.0;198.24K;18.85%;;2,541.47
Mar 08, 2020,;5,218.2;8,917.2;8,917.2;4,001.0;370.73K;-41.49%;;2,304.92
Mar 01, 2020,;8,919.0;8,561.5;9,231.1;8,460.0;31.93K;4.23%;;2,711.02
Feb 23, 2020,;8,557.3;9,663.0;10,022.0;8,455.2;59.56K;-11.44%;;2,972.37
Feb 16, 2020,;9,662.4;9,901.0;10,309.0;9,350.3;67.21K;-2.41%;;2,954.22
Feb 09, 2020,;9,901.0;9,877.3;10,489.0;9,720.0;52.55K;0.24%;;3,337.75
Feb 02, 2020,;9,877.2;9,408.0;9,920.7;9,112.5;43.64K;4.96%;;3,380.16
Jan 26, 2020,;9,410.6;8,351.1;9,550.0;8,303.6;42.11K;12.65%;;3,327.71
Jan 19, 2020,;8,353.7;8,891.6;9,169.5;8,247.7;35.28K;-6.05%;;3,225.52
Jan 12, 2020,;8,891.5;8,013.6;8,994.9;7,951.7;55.74K;10.95%;;3,295.47
Jan 05, 2020,;8,013.8;7,370.3;8,442.0;7,315.8;57.93K;8.74%;;3,329.62
Dec 29, 2019,;7,369.8;7,333.2;7,551.6;6,909.3;29.28K;0.48%;;3,265.35
Dec 22, 2019,;7,334.4;7,166.3;7,715.0;7,114.1;31.31K;2.34%;;3,234.85
Dec 15, 2019,;7,166.4;7,100.8;7,480.2;6,479.4;59.85K;0.92%;;3,240.02
Dec 08, 2019,;7,100.8;7,543.2;7,701.1;7,038.5;28.72K;-5.86%;;3,221.22
Dec 01, 2019,;7,543.2;7,599.9;7,887.7;7,134.1;41.19K;-0.75%;;3,168.80
Nov 24, 2019,;7,599.9;7,352.7;7,916.3;6,619.4;64.94K;3.36%;;3,145.91
Nov 17, 2019,;7,352.6;8,523.4;8,662.9;6,820.1;63.89K;-13.74%;;3,140.98
Nov 10, 2019,;8,523.5;8,827.1;9,156.9;8,420.2;26.69K;-3.45%;;3,110.29
Nov 03, 2019,;8,828.0;9,332.2;9,621.8;8,688.1;37.66K;-5.40%;;3,120.46
Oct 27, 2019,;9,332.1;9,270.9;9,948.0;8,984.8;45.88K;0.66%;;3,093.08
Oct 20, 2019,;9,270.9;7,993.0;10,464.1;7,341.5;77.95K;15.99%;;3,066.91
Oct 13, 2019,;7,992.9;8,319.6;8,477.4;7,860.0;30.36K;-3.91%;;3,022.55
Oct 06, 2019,;8,318.3;8,162.5;8,815.2;7,794.9;42.38K;1.91%;;2,986.20
Sep 29, 2019,;8,162.5;8,238.2;8,539.0;7,753.0;35.96K;-0.92%;;2,970.27
Sep 22, 2019,;8,238.6;10,012.0;10,105.0;7,800.1;85.94K;-17.72%;;2,952.01
Sep 15, 2019,;10,013.0;10,381.0;10,417.0;9,655.0;28.32K;-3.53%;;2,961.79
Sep 08, 2019,;10,379.0;10,489.0;10,599.0;9,866.5;30.68K;-1.04%;;2,992.07
Sep 01, 2019,;10,488.0;9,623.9;10,933.0;9,560.1;56.65K;8.98%;;3,007.39
Aug 25, 2019,;9,623.9;10,162.0;10,654.0;9,360.4;43.28K;-5.20%;;2,978.71
Aug 18, 2019,;10,152.0;10,230.0;10,986.0;9,790.0;48.04K;-0.74%;;2,926.46
Aug 11, 2019,;10,228.0;11,308.0;11,579.0;9,522.5;74.58K;-9.60%;;2,847.11
Aug 04, 2019,;11,314.0;10,822.0;12,307.0;10,595.0;84.56K;4.55%;;2,888.68
Jul 28, 2019,;10,822.0;9,463.1;10,910.0;9,112.3;51.75K;14.33%;;2,918.65
Jul 21, 2019,;9,465.7;10,741.0;10,811.0;9,300.3;60.17K;-11.86%;;2,932.05
Jul 14, 2019,;10,740.0;11,324.0;11,390.0;9,111.0;148.04K;-5.06%;;3,025.86
Jul 07, 2019,;11,312.0;11,276.0;13,173.0;10,806.0;126.70K;0.26%;;2,976.61
Jun 30, 2019,;11,283.0;11,973.0;12,229.0;9,745.1;153.59K;-5.35%;;3,013.77
Jun 23, 2019,;11,921.0;10,745.0;13,764.0;10,397.0;220.96K;10.91%;;2,990.41
Jun 16, 2019,;10,747.9;8,852.8;11,210.0;8,803.0;107.90K;21.36%;;2,941.76
Jun 09, 2019,;8,856.0;7,924.0;8,904.1;7,502.5;64.50K;11.75%;;2,950.46
Jun 02, 2019,;7,924.6;8,546.9;8,813.0;7,461.0;97.98K;-7.28%;;2,886.98
May 26, 2019,;8,547.0;8,054.9;9,100.0;7,897.1;100.95K;6.11%;;2,873.34
May 19, 2019,;8,054.9;7,260.1;8,263.2;7,252.0;90.82K;10.95%;;2,752.06
May 12, 2019,;7,260.0;7,125.1;8,307.7;6,860.0;197.17K;1.73%;;2,826.06
May 05, 2019,;7,136.4;6,098.2;7,278.3;5,926.6;70.78K;17.02%;;2,859.53
Apr 28, 2019,;6,098.3;5,400.6;6,149.1;5,370.3;77.19K;12.89%;;2,881.40
Apr 21, 2019,;5,401.8;5,340.1;5,647.4;5,142.7;114.48K;1.16%;;2,945.64
Apr 14, 2019,;5,340.0;5,103.7;5,375.6;5,000.7;53.17K;4.67%;;2,939.88
Apr 07, 2019,;5,101.8;5,091.1;5,487.4;4,935.2;91.56K;0.22%;;2,905.03
Mar 31, 2019,;5,090.5;4,165.1;5,330.1;4,127.2;145.80K;22.22%;;2,907.41
Mar 24, 2019,;4,165.1;4,063.0;4,210.0;3,939.1;47.36K;2.51%;;2,892.74
Mar 17, 2019,;4,063.2;4,088.0;4,138.7;4,005.2;41.78K;-0.61%;;2,834.40
Mar 10, 2019,;4,088.0;4,017.3;4,152.7;3,882.8;46.50K;1.76%;;2,800.71
Mar 03, 2019,;4,017.3;3,913.0;4,046.2;3,767.4;57.07K;2.67%;;2,822.48
Feb 24, 2019,;3,913.0;4,212.2;4,282.4;3,767.0;85.25K;-7.09%;;2,743.07
Feb 17, 2019,;4,211.7;3,676.5;4,255.0;3,669.9;134.65K;14.56%;;2,803.69
Feb 10, 2019,;3,676.4;3,718.3;3,753.5;3,642.8;66.07K;-1.13%;;2,792.67
Feb 03, 2019,;3,718.4;3,564.5;3,799.6;3,426.9;97.97K;4.32%;;2,775.60
Jan 27, 2019,;3,564.3;3,630.7;3,642.5;3,427.2;78.34K;-1.83%;;2,707.88
Jan 20, 2019,;3,630.7;3,762.3;3,796.0;3,501.0;80.07K;-3.44%;;2,706.53
Jan 13, 2019,;3,760.0;3,702.0;3,858.5;3,574.1;75.76K;1.57%;;2,664.76
Jan 06, 2019,;3,702.0;3,911.0;4,214.5;3,674.4;136.71K;-5.34%;;2,670.71
Dec 30, 2018,;3,911.0;3,893.8;4,076.0;3,779.5;105.09K;0.62%;;2,596.26
Dec 23, 2018,;3,887.0;4,135.0;4,384.0;3,691.1;192.67K;-6.00%;;2,531.94
Dec 16, 2018,;4,135.0;3,282.2;4,283.0;3,278.0;289.66K;25.87%;;2,485.74
Dec 09, 2018,;3,285.1;3,506.0;3,766.6;3,216.1;169.13K;-6.30%;;2,416.62
Dec 02, 2018,;3,506.0;4,241.4;4,353.2;3,278.4;316.32K;-17.37%;;2,599.95
Nov 25, 2018,;4,243.0;3,934.9;4,472.0;3,663.0;382.98K;7.97%;;2,633.08
Nov 18, 2018,;3,929.8;5,637.2;5,716.0;3,834.7;340.85K;-30.16%;;2,760.17
Nov 11, 2018,;5,626.7;6,431.0;6,497.5;5,441.5;180.29K;-12.51%;;2,632.56
Nov 04, 2018,;6,431.1;6,389.2;6,607.1;6,360.1;63.72K;0.68%;;2,736.27
Oct 28, 2018,;6,387.9;6,498.4;6,510.1;6,248.2;70.51K;-1.73%;;2,781.01
Oct 21, 2018,;6,500.2;6,582.9;6,655.0;6,480.1;51.02K;-1.31%;;2,723.06
Oct 14, 2018,;6,586.7;6,326.0;7,704.2;6,300.0;155.82K;4.11%;;2,658.69
Oct 07, 2018,;6,326.5;6,595.2;6,718.4;6,223.0;101.16K;-4.03%;;2,767.78
Sep 30, 2018,;6,592.0;6,590.0;6,666.9;6,428.1;81.90K;-0.19%;;2,767.13
Sep 23, 2018,;6,604.6;6,723.1;6,825.0;6,350.2;136.61K;-1.76%;;2,885.57
Sep 16, 2018,;6,723.0;6,512.8;6,840.0;6,112.7;170.75K;3.21%;;2,913.98
Sep 09, 2018,;6,513.6;6,184.9;6,593.0;6,142.2;115.74K;5.31%;;2,929.67
Sep 02, 2018,;6,185.0;7,197.5;7,410.3;6,130.3;237.10K;-14.07%;;2,904.98
Aug 26, 2018,;7,197.5;6,732.8;7,260.4;6,574.5;153.64K;6.90%;;2,871.68
Aug 19, 2018,;6,732.9;6,395.0;6,885.0;6,230.2;197.42K;5.35%;;2,901.52
Aug 12, 2018,;6,391.2;6,234.7;6,623.8;5,879.3;254.04K;2.54%;;2,874.69
Aug 05, 2018,;6,232.7;7,013.2;7,149.9;6,008.2;243.16K;-11.13%;;2,850.13
Jul 29, 2018,;7,013.2;8,235.7;8,293.9;6,930.0;196.03K;-14.95%;;2,833.28
Jul 22, 2018,;8,246.4;7,403.4;8,500.2;7,338.9;265.31K;11.39%;;2,840.35
Jul 15, 2018,;7,403.3;6,250.0;7,681.0;6,232.3;217.18K;18.45%;;2,818.82
Jul 08, 2018,;6,250.1;6,761.8;6,820.0;6,080.8;139.14K;-7.57%;;2,801.83
Jul 01, 2018,;6,761.7;6,617.6;6,826.1;6,418.7;130.70K;5.79%;;2,801.31
Jun 24, 2018,;6,391.5;6,151.9;6,518.1;5,762.9;203.40K;3.89%;;2,759.82
Jun 17, 2018,;6,152.0;6,491.0;6,832.9;5,929.1;158.49K;-5.15%;;2,718.37
Jun 10, 2018,;6,485.9;7,498.1;7,498.1;6,125.7;225.83K;-13.51%;;2,754.88
Jun 03, 2018,;7,498.6;7,639.0;7,777.4;7,372.9;97.49K;-1.83%;;2,779.66
May 27, 2018,;7,638.1;7,330.8;7,691.2;7,048.6;148.70K;4.20%;;2,779.03
May 20, 2018,;7,330.3;8,230.9;8,586.9;7,260.9;173.48K;-10.96%;;2,734.62
May 13, 2018,;8,232.3;8,467.0;8,882.4;7,927.8;181.80K;-2.72%;;2,721.33
May 06, 2018,;8,462.7;9,859.6;9,963.9;8,204.5;216.13K;-14.17%;;2,712.97
Apr 29, 2018,;9,859.6;9,340.3;9,990.0;8,829.1;186.86K;5.50%;;2,727.72
Apr 22, 2018,;9,345.3;8,917.6;9,761.5;8,656.0;307.97K;4.78%;;2,663.42
Apr 15, 2018,;8,919.1;8,003.0;9,029.0;7,823.3;246.91K;11.45%;;2,669.91
Apr 08, 2018,;8,002.9;6,892.6;8,230.0;6,611.0;341.99K;16.11%;;2,670.14
Apr 01, 2018,;6,892.6;6,925.4;7,509.6;6,432.4;331.08K;-0.47%;;2,656.30
Mar 25, 2018,;6,925.3;8,525.0;8,673.9;6,533.0;426.25K;-18.86%;;2,604.47
Mar 18, 2018,;8,535.0;7,832.0;9,175.2;7,240.0;402.89K;8.71%;;2,640.87
Mar 11, 2018,;7,851.0;8,764.4;9,894.7;7,666.3;466.31K;-10.40%;;2,588.26
Mar 04, 2018,;8,762.0;11,454.0;11,696.0;8,351.0;393.58K;-23.41%;;2,752.01
Feb 25, 2018,;11,440.0;9,666.3;11,526.0;9,284.3;253.45K;18.35%;;2,786.57
Feb 18, 2018,;9,666.3;11,062.0;11,776.0;9,350.3;444.45K;-12.55%;;2,691.25
Feb 11, 2018,;11,053.5;8,563.0;11,083.0;7,851.0;357.71K;29.08%;;2,747.30
Feb 04, 2018,;8,563.1;9,225.1;9,403.3;6,000.0;713.97K;-7.12%;;2,732.22
Jan 28, 2018,;9,219.4;11,455.1;12,181.0;7,972.2;413.82K;-19.56%;;2,619.55
Jan 21, 2018,;11,461.0;12,732.0;12,732.0;9,901.1;353.23K;-9.95%;;2,762.13
Jan 14, 2018,;12,728.0;14,190.0;14,391.0;9,231.1;513.24K;-10.31%;;2,872.87
Jan 07, 2018,;14,191.0;17,163.0;17,176.0;12,639.0;334.69K;-17.31%;;2,810.30
Dec 31, 2017,;17,161.0;12,385.0;17,252.0;12,183.9;-;38.65%;;2,786.24
Dec 24, 2017,;12,377.0;14,036.0;16,494.0;11,601.2;432.74K;-11.81%;;2,743.15
Dec 17, 2017,;14,035.0;19,210.0;19,891.0;10,718.0;558.69K;-26.85%;;2,673.61
Dec 10, 2017,;19,187.0;14,660.0;19,548.0;12,748.0;457.22K;30.88%;;2,683.34
Dec 03, 2017,;14,660.0;10,880.0;17,160.0;10,299.0;632.52K;34.73%;;2,675.81
Nov 26, 2017,;10,881.0;8,791.0;11,427.2;8,769.2;626.99K;24.12%;;2,651.50
Nov 19, 2017,;8,766.2;7,770.6;8,770.0;7,652.0;297.33K;12.77%;;2,642.22
Nov 12, 2017,;7,773.3;6,282.4;8,029.8;5,426.0;606.78K;23.37%;;2,602.42
Nov 05, 2017,;6,300.7;7,370.9;7,895.0;6,166.0;455.80K;-14.50%;;2,578.85
Oct 29, 2017,;7,369.0;5,718.1;7,521.1;5,662.9;401.30K;28.82%;;2,582.30
Oct 22, 2017,;5,720.6;6,005.1;6,069.6;5,367.9;335.56K;-4.74%;;2,587.84
Oct 15, 2017,;6,005.1;5,838.7;6,190.0;5,114.3;343.03K;2.92%;;2,581.07
Oct 08, 2017,;5,835.0;4,435.9;5,874.3;4,417.6;365.62K;31.54%;;2,575.21
Oct 01, 2017,;4,436.0;4,366.6;4,482.0;4,134.9;181.92K;1.58%;;2,553.17
Sep 24, 2017,;4,367.0;3,779.6;4,393.4;3,620.0;238.08K;15.54%;;2,549.33
Sep 17, 2017,;3,779.6;3,680.1;4,113.9;3,476.3;308.86K;2.56%;;2,519.36
Sep 10, 2017,;3,685.4;4,315.4;4,378.4;2,981.0;569.67K;-14.65%;;2,502.22
Sep 03, 2017,;4,317.9;4,534.2;4,699.8;3,900.1;304.54K;-4.77%;;2,500.23
Aug 27, 2017,;4,534.4;4,340.2;4,969.0;4,175.7;184.35K;4.44%;;2,461.43
Aug 20, 2017,;4,341.7;4,145.0;4,461.2;3,600.0;205.52K;4.74%;;2,476.55
Aug 13, 2017,;4,145.1;3,866.2;4,489.1;3,836.1;310.66K;7.23%;;2,443.05
Aug 06, 2017,;3,865.5;3,255.0;3,965.4;3,156.0;182.68K;18.70%;;2,425.55
Jul 30, 2017,;3,256.4;2,713.7;3,331.9;2,595.0;215.02K;19.98%;;2,441.32
Jul 23, 2017,;2,714.1;2,845.7;2,875.7;2,404.6;242.31K;-4.62%;;2,476.83
Jul 16, 2017,;2,845.7;1,979.7;2,919.9;1,835.8;349.52K;43.82%;;2,472.10
Jul 09, 2017,;1,978.6;2,542.0;2,555.6;1,975.7;178.51K;-22.16%;;2,472.54
Jul 02, 2017,;2,542.0;2,346.2;2,628.0;2,302.0;94.67K;8.19%;;2,459.27
Jun 25, 2017,;2,349.5;2,502.6;2,595.0;2,208.1;148.25K;-6.12%;;2,425.18
Jun 18, 2017,;2,502.6;2,610.1;2,779.6;2,421.0;118.88K;-4.11%;;2,423.41
Jun 11, 2017,;2,610.0;2,806.0;3,000.0;2,050.0;220.14K;-6.99%;;2,438.30
Jun 04, 2017,;2,806.0;2,461.6;2,896.5;2,376.4;134.71K;14.02%;;2,433.15
May 28, 2017,;2,461.0;1,980.0;2,481.0;1,955.5;127.20K;24.78%;;2,431.77
May 21, 2017,;1,972.3;2,059.3;2,689.0;1,810.0;268.56K;-4.24%;;2,439.07
May 14, 2017,;2,059.7;1,820.6;2,072.2;1,720.0;110.43K;13.15%;;2,415.82
May 07, 2017,;1,820.4;1,597.0;1,908.0;1,575.1;146.03K;13.98%;;2,381.73
Apr 30, 2017,;1,597.1;1,425.4;1,701.9;1,403.3;142.76K;12.19%;;2,390.90
Apr 23, 2017,;1,423.6;1,346.4;1,449.7;1,326.9;68.92K;5.65%;;2,399.29
Apr 16, 2017,;1,347.5;1,193.3;1,353.1;1,190.4;79.36K;12.92%;;2,384.20
Apr 09, 2017,;1,193.3;1,188.1;1,243.4;1,163.5;90.03K;0.44%;;2,348.69
Apr 02, 2017,;1,188.1;1,093.5;1,208.9;1,081.0;158.18K;8.68%;;2,328.95
Mar 26, 2017,;1,093.2;971.3;1,106.9;950.1;182.05K;12.45%;;2,355.54
Mar 19, 2017,;972.2;971.9;1,120.9;891.0;244.68K;0.12%;;2,362.72
Mar 12, 2017,;971.0;1,172.4;1,262.0;935.1;274.43K;-17.21%;;2,343.98
Mar 05, 2017,;1,172.8;1,267.8;1,328.8;971.0;268.05K;-7.49%;;2,378.25
Feb 26, 2017,;1,267.8;1,153.0;1,294.7;1,130.9;131.19K;9.96%;;2,372.60
Feb 19, 2017,;1,153.0;1,059.8;1,222.2;1,044.1;149.17K;8.79%;;2,383.12
Feb 12, 2017,;1,059.8;1,000.1;1,071.1;975.9;65.77K;5.95%;;2,367.34
Feb 05, 2017,;1,000.3;1,031.1;1,078.0;936.4;157.12K;-2.99%;;2,351.16
Jan 29, 2017,;1,031.1;919.4;1,040.0;910.0;91.10K;12.15%;;2,316.10
Jan 22, 2017,;919.4;924.0;939.7;884.2;86.24K;-0.50%;;2,297.42
Jan 15, 2017,;924.0;815.3;931.0;805.1;98.44K;13.33%;;2,294.69
Jan 08, 2017,;815.3;908.8;942.5;738.7;196.66K;-10.29%;;2,271.31
Jan 01, 2017,;908.8;966.6;1,166.0;816.1;590.38K;-5.97%;;2,274.64
Dec 25, 2016,;966.6;895.2;983.0;858.6;102.94K;7.97%;;2,276.98
Dec 18, 2016,;895.2;791.0;920.0;784.4;76.46K;13.18%;;2,238.83
Dec 11, 2016,;791.0;772.9;793.0;761.8;34.32K;2.34%;;2,263.79
Dec 04, 2016,;772.9;765.5;777.8;744.6;42.01K;1.00%;;2,258.07
Nov 27, 2016,;765.3;731.2;779.2;722.5;51.36K;4.66%;;2,259.53
Nov 20, 2016,;731.2;752.9;757.0;712.0;50.80K;3.26%;;2,191.95
Nov 13, 2016,;708.1;703.4;708.1;687.6;8.61K;0.61%;;2,213.35
Nov 06, 2016,;703.8;709.2;743.1;700.0;50.51K;-0.65%;;2,181.90
Oct 30, 2016,;708.4;704.1;753.7;676.0;77.51K;-0.86%;;2,164.45
Oct 23, 2016,;714.5;665.0;724.0;652.7;66.96K;7.45%;;2,085.18
Oct 16, 2016,;665.0;640.2;671.0;627.8;43.13K;3.87%;;2,126.41
Oct 09, 2016,;640.2;620.5;646.0;614.4;36.25K;3.17%;;2,141.16
Oct 02, 2016,;620.5;614.1;622.9;607.0;26.71K;1.04%;;2,132.98
Sep 25, 2016,;614.1;602.5;616.9;597.6;17.15K;1.92%;;2,153.74
Sep 18, 2016,;602.5;607.7;615.9;592.7;22.15K;-0.85%;;2,168.27
Sep 11, 2016,;607.7;628.0;635.0;598.0;39.46K;-3.23%;;2,164.69
Sep 04, 2016,;628.0;609.9;636.2;604.6;35.34K;2.97%;;2,139.16
Aug 28, 2016,;609.9;568.5;612.4;568.3;28.52K;7.27%;;2,127.81
Aug 21, 2016,;568.5;582.1;590.7;567.2;24.50K;-2.31%;;2,179.98
Aug 14, 2016,;582.0;583.7;583.7;563.0;38.68K;-3.66%;;2,169.04
Aug 07, 2016,;604.1;604.1;604.1;604.1;-;0.00%;;2,183.87
Jul 31, 2016,;604.1;604.1;604.1;604.1;-;-7.77%;;2,184.05
Jul 24, 2016,;655.0;654.0;664.4;640.6;78.32K;0.15%;;2,182.87
Jul 17, 2016,;654.0;665.3;689.7;640.0;110.84K;-1.70%;;2,173.60
Jul 10, 2016,;665.3;648.1;678.0;636.9;107.54K;2.66%;;2,175.03
Jul 03, 2016,;648.1;706.0;707.0;610.1;257.01K;-8.07%;;2,161.74
Jun 26, 2016,;705.0;664.9;705.3;614.3;271.15K;6.04%;;2,129.90
Jun 19, 2016,;664.9;757.6;771.9;664.9;549.38K;-12.24%;;2,102.95
Jun 12, 2016,;757.6;614.6;789.7;607.0;622.05K;23.28%;;2,037.41
Jun 05, 2016,;614.5;572.9;615.0;561.3;176.28K;7.31%;;2,071.22
May 29, 2016,;572.7;527.0;593.7;512.5;298.46K;8.66%;;2,096.07
;;;;;;;;2,099.13